{"cameraMode":{"drawMode":0,"name":"Shaded","section":"Shading Mode"},"sceneLighting":true,"audioPlay":false,"sceneViewState":{"showFog":true,"showMaterialUpdate":false,"showSkybox":true,"showFlares":true,"showImageEffects":true,"showParticleSystems":true,"showVisualEffectGraphs":true,"m_FxEnabled":true},"in2DMode":false,"pivot":{"x":0.029999971389770509,"y":1.7300000190734864,"z":0.07000002264976502},"rotation":{"x":-0.0986904725432396,"y":0.43262913823127749,"z":-0.047660958021879199,"w":-0.8949456214904785},"size":47.634727478027347,"orthographic":false}